{"loss": [1.3158748149871826, 0.44179579615592957, 0.2647840678691864, 0.18258997797966003, 0.1340980976819992, 0.10641811043024063, 0.0871720165014267, 0.07572910189628601, 0.06396874040365219, 0.05340757593512535], "accuracy": [0.609886884689331, 0.8592076301574707, 0.9141474962234497, 0.9399672746658325, 0.9559428095817566, 0.9655309915542603, 0.9717618823051453, 0.9745074510574341, 0.9791592359542847, 0.9827725887298584], "val_loss": [0.48532116413116455, 0.2889394462108612, 0.20825298130512238, 0.16475024819374084, 0.17808295786380768, 0.15922439098358154, 0.12273097038269043, 0.1247062161564827, 0.12287038564682007, 0.08902724087238312], "val_accuracy": [0.846574068069458, 0.9062713384628296, 0.9326200485229492, 0.948668360710144, 0.9425790905952454, 0.9498065114021301, 0.961700439453125, 0.9610175490379333, 0.9639768004417419, 0.9722854495048523]}